,City,Country,Lat,Lng,Max Temp,Humidity,Cloudiness,Wind Speed,Current Description
0,Longyearbyen,SJ,78.2186,15.6401,30.04,64,75,3.44,broken clouds
1,Beringovskiy,RU,63.05,179.3167,35.98,96,100,5.75,overcast clouds
2,Qaanaaq,GL,77.484,-69.3632,20.7,69,99,0.89,overcast clouds
3,Busselton,AU,-33.65,115.3333,58.32,69,100,8.16,overcast clouds
4,Atuona,PF,-9.8,-139.0333,78.46,77,52,18.79,broken clouds
5,Nanortalik,GL,60.1432,-45.2371,32.32,77,97,3.76,overcast clouds
6,Kropotkin,RU,45.4375,40.5756,55.8,76,98,3.49,overcast clouds
7,Mukhen,RU,48.1,136.1,38.88,91,6,6.78,clear sky
8,Aswan,EG,24.0934,32.907,103.3,8,0,2.3,clear sky
9,Mar Del Plata,AR,-38.0023,-57.5575,61.95,38,0,12.66,clear sky
10,Kaitangata,NZ,-46.2817,169.8464,44.01,85,100,1.12,overcast clouds
11,Ushuaia,AR,-54.8,-68.3,46.06,71,20,12.66,few clouds
12,Bethel,US,41.3712,-73.414,82.18,69,75,9.22,broken clouds
13,Sitka,US,57.0531,-135.33,51.69,50,40,8.05,scattered clouds
14,Nouadhibou,MR,20.931,-17.0347,80.58,47,99,19.57,overcast clouds
15,New Norfolk,AU,-42.7826,147.0587,59.92,71,100,1.99,overcast clouds
16,Jamestown,US,42.097,-79.2353,74.84,56,100,4.61,light rain
17,Cherskiy,RU,68.75,161.3,32.49,99,100,4.88,snow
18,Bengkulu,ID,-3.8004,102.2655,78.67,90,70,4.72,broken clouds
19,Khatanga,RU,71.9667,102.5,33.84,100,100,7.96,overcast clouds
20,Provideniya,RU,64.3833,-173.3,35.04,95,100,5.5,overcast clouds
21,Kavieng,PG,-2.5744,150.7967,81.37,73,23,8.55,few clouds
22,Puerto Ayora,EC,-0.7393,-90.3518,78.76,94,78,3.0,broken clouds
23,Bykovo,RU,55.6361,38.0803,53.33,54,0,2.24,clear sky
24,Moron,AR,-34.6534,-58.6198,68.02,37,3,6.55,clear sky
25,Walvis Bay,NA,-22.9575,14.5053,58.15,77,0,0.0,clear sky
26,Salta,AR,-24.7859,-65.4117,66.79,62,75,8.05,broken clouds
27,Dongsheng,CN,39.8161,109.9776,45.34,22,0,2.57,clear sky
28,Geraldton,AU,-28.7667,114.6,55.81,94,75,12.66,broken clouds
29,Necochea,AR,-38.5473,-58.7368,55.78,54,4,15.68,clear sky
30,Yellowknife,CA,62.456,-114.3525,55.92,38,75,12.66,broken clouds
31,Georgetown,MY,5.4112,100.3354,85.95,80,20,4.61,few clouds
32,Castro,BR,-24.7911,-50.0119,69.13,60,100,4.38,overcast clouds
33,Kamaishi,JP,39.2667,141.8833,51.44,80,99,6.8,overcast clouds
34,Moose Factory,CA,51.2585,-80.6094,73.4,64,0,10.36,haze
35,Norman Wells,CA,65.282,-126.8329,37.44,75,75,24.16,broken clouds
36,Przhevalskoye,RU,55.5093,31.8482,43.39,98,77,5.35,broken clouds
37,San Pedro De Uraba,CO,8.2752,-76.3764,86.65,68,92,3.49,overcast clouds
38,Port Alfred,ZA,-33.5906,26.891,56.17,91,1,3.94,clear sky
39,Niimi,JP,34.9833,133.4667,51.4,52,100,3.69,overcast clouds
40,Westport,US,41.1415,-73.3579,80.44,86,100,1.01,overcast clouds
41,Effingham,US,32.3669,-81.3332,83.86,40,37,4.83,scattered clouds
42,Cleethorpes,GB,53.5605,-0.0323,65.12,85,3,8.46,clear sky
43,Fortuna,US,40.5982,-124.1573,68.94,80,0,12.66,clear sky
44,Tuktoyaktuk,CA,69.4541,-133.0374,21.2,93,100,13.8,light snow
45,Guerrero Negro,MX,27.9769,-114.0611,77.49,39,100,11.79,overcast clouds
46,Gillette,US,44.2911,-105.5022,61.11,36,94,5.01,overcast clouds
47,Kapaa,US,22.0752,-159.319,77.32,83,75,16.11,broken clouds
48,Butaritari,KI,3.0707,172.7902,80.44,75,27,8.5,scattered clouds
49,Koslan,RU,63.4564,48.8989,48.16,93,97,1.66,light rain
50,Hilo,US,19.7297,-155.09,79.29,78,20,3.44,few clouds
51,Talnakh,RU,69.4865,88.3972,35.06,99,100,5.77,overcast clouds
52,Roma,US,43.2128,-75.4557,83.37,52,100,1.99,overcast clouds
53,Ancud,CL,-41.8697,-73.8203,54.75,67,0,3.51,clear sky
54,Manta,EC,-0.95,-80.7333,82.18,74,75,12.66,broken clouds
55,Terekli-Mekteb,RU,44.1671,45.8698,65.59,47,100,11.95,overcast clouds
56,Semey,KZ,50.4111,80.2275,63.88,60,100,0.38,overcast clouds
57,Carnarvon,AU,-24.8667,113.6333,64.29,50,0,17.13,clear sky
58,Flinders,AU,-34.5833,150.8552,68.25,92,86,4.0,overcast clouds
59,Ha Giang,VN,22.8333,104.9833,75.27,99,100,1.23,overcast clouds
60,Takoradi,GH,4.8845,-1.7554,80.62,83,100,7.4,light rain
61,Victoria,HK,22.2855,114.1577,75.96,94,100,18.01,light rain
62,Kenora,CA,49.8167,-94.4337,52.77,71,75,17.27,light rain
63,Miles City,US,46.4083,-105.8406,60.69,24,2,17.05,clear sky
64,Punta Arenas,CL,-53.15,-70.9167,50.11,71,40,20.71,scattered clouds
65,Pangnirtung,CA,66.1451,-65.7125,19.4,79,20,11.5,few clouds
66,Mataura,NZ,-46.1927,168.8643,42.48,92,100,2.62,overcast clouds
67,Lavrentiya,RU,65.5833,-171.0,30.15,97,96,6.29,overcast clouds
68,Broome,US,42.2506,-75.833,80.67,65,100,1.99,overcast clouds
69,Rikitea,PF,-23.1203,-134.9692,76.15,68,0,22.79,clear sky
70,Hobart,AU,-42.8794,147.3294,60.26,76,40,2.3,scattered clouds
71,Airai,TL,-8.9266,125.4092,61.54,97,73,0.43,broken clouds
72,Vila Franca Do Campo,PT,37.7167,-25.4333,64.2,94,100,24.9,moderate rain
73,Chokurdakh,RU,70.6333,147.9167,6.93,97,100,1.83,overcast clouds
74,Urumqi,CN,43.801,87.6005,72.55,11,0,15.66,clear sky
75,Abong Mbang,CM,3.9833,13.1833,69.93,91,13,2.98,few clouds
76,San Ramon,US,37.7799,-121.978,83.8,51,3,7.0,clear sky
77,Ponta Do Sol,PT,32.6667,-17.1,72.23,69,20,8.08,few clouds
78,Saskylakh,RU,71.9167,114.0833,21.65,95,100,10.47,overcast clouds
79,Kruisfontein,ZA,-34.0033,24.7314,54.88,88,1,6.31,clear sky
80,Tasiilaq,GL,65.6145,-37.6368,30.36,63,100,2.57,overcast clouds
81,Kununurra,AU,-15.7667,128.7333,71.58,88,0,0.0,clear sky
82,Bluff,NZ,-46.6,168.3333,42.8,76,100,5.82,overcast clouds
83,Ostrovnoy,RU,68.0531,39.5131,37.49,80,40,5.59,scattered clouds
84,Mahebourg,MU,-20.4081,57.7,75.49,73,40,8.05,scattered clouds
85,Luderitz,NA,-26.6481,15.1594,62.69,48,27,14.72,scattered clouds
86,Esperance,AU,-33.8667,121.9,57.52,75,57,19.86,broken clouds
87,Sidney,AU,-33.8679,151.2073,65.39,85,27,6.91,fog
88,Avarua,CK,-21.2078,-159.775,78.85,83,100,16.11,light rain
89,Husavik,IS,66.0449,-17.3389,41.45,78,80,17.98,broken clouds
90,Ilebo,CD,-4.3167,20.5833,78.22,68,65,1.3,broken clouds
91,Ishigaki,JP,24.3448,124.1572,77.13,100,100,4.61,overcast clouds
92,Vaini,TO,-21.2,-175.2,71.76,68,20,10.36,few clouds
93,Labuhan,ID,-6.8844,112.2051,80.37,82,66,4.94,broken clouds
94,Praia,CV,14.9215,-23.5087,84.74,42,0,31.07,clear sky
95,Jambi,ID,-1.6,103.6167,76.17,94,38,2.48,scattered clouds
96,Faya,SA,18.3851,42.4509,73.92,18,0,10.69,clear sky
97,Zalantun,CN,48.0,122.7167,45.84,63,84,7.65,broken clouds
98,Pemangkat,ID,1.1667,108.9667,80.47,78,89,5.12,overcast clouds
99,Berlin,DE,52.5244,13.4105,64.42,62,0,11.5,clear sky
100,Kodiak,US,57.79,-152.4072,42.31,70,100,12.66,overcast clouds
101,Iskateley,RU,67.6803,53.1512,44.94,82,2,8.77,clear sky
102,Marzuq,YE,14.4,46.4667,75.0,16,31,3.44,scattered clouds
103,Senanga,ZM,-16.1167,23.2667,70.92,37,76,5.97,broken clouds
104,Meadow Lake,US,34.8014,-106.5436,85.14,7,0,9.24,clear sky
105,Hermanus,ZA,-34.4187,19.2345,58.53,77,6,5.77,clear sky
106,San Patricio,US,28.017,-97.5169,92.12,38,2,14.7,clear sky
107,Nizhniy Baskunchak,RU,48.2198,46.8311,57.65,75,100,9.33,light rain
108,Bredasdorp,ZA,-34.5322,20.0403,55.09,78,5,1.01,clear sky
109,Hithadhoo,MV,-0.6,73.0833,83.1,68,93,9.42,overcast clouds
110,Junin,AR,-34.5838,-60.9433,65.62,17,100,8.01,overcast clouds
111,Namwala,ZM,-15.7504,26.4384,68.54,46,67,5.48,broken clouds
112,Cabo San Lucas,MX,22.8909,-109.9124,85.6,58,98,5.01,overcast clouds
113,Tiksi,RU,71.6872,128.8694,4.46,99,59,4.63,broken clouds
114,Saint-Philippe,RE,-21.3585,55.7679,72.99,79,77,11.14,broken clouds
115,Cape Town,ZA,-33.9258,18.4232,60.91,73,0,10.36,clear sky
116,Touros,BR,-5.1989,-35.4608,82.8,76,95,13.78,overcast clouds
117,Albany,US,42.6001,-73.9662,84.92,53,100,1.99,overcast clouds
118,Macaubas,BR,-13.0194,-42.6986,86.0,34,92,9.93,overcast clouds
119,Yenagoa,NG,4.9247,6.2642,76.87,88,100,3.04,overcast clouds
120,Csanadpalota,HU,46.25,20.7333,64.58,71,100,7.99,overcast clouds
121,Champerico,GT,14.3,-91.9167,93.74,64,35,9.01,scattered clouds
122,Pedernales,DO,18.0384,-71.744,86.11,58,100,20.09,overcast clouds
123,Dingle,PH,10.9995,122.6711,77.54,89,100,3.33,overcast clouds
124,Dunedin,NZ,-45.8742,170.5036,46.8,86,100,1.7,overcast clouds
125,Fort Nelson,CA,58.8053,-122.7002,45.99,87,100,2.3,mist
126,Yagodnoye,RU,62.55,149.6667,21.83,91,100,2.77,overcast clouds
127,Uglovskoye,RU,51.3557,80.1942,62.51,70,100,3.56,overcast clouds
128,Tuatapere,NZ,-46.1333,167.6833,44.85,93,100,3.94,overcast clouds
129,Copiapo,CL,-27.3667,-70.3333,60.49,28,0,5.84,clear sky
130,Upernavik,GL,72.7868,-56.1549,20.1,74,14,5.14,few clouds
131,Waingapu,ID,-9.6567,120.2641,77.41,84,4,3.36,clear sky
132,Sandwick,GB,60.0,-1.25,49.82,87,75,8.05,broken clouds
133,Ixtapa,MX,20.7,-105.2,92.35,40,100,9.33,overcast clouds
134,Smithers,CA,54.7804,-127.1743,48.52,49,40,5.75,scattered clouds
135,Bijie,CN,27.3125,105.2942,48.85,93,100,3.69,moderate rain
136,Matara,LK,5.9485,80.5353,77.72,90,100,16.06,moderate rain
137,Los Llanos De Aridane,ES,28.6585,-17.9182,67.75,74,75,4.61,broken clouds
138,Kenai,US,60.5544,-151.2583,50.02,58,60,8.68,broken clouds
139,Ampanihy,MG,-24.7,44.75,68.76,65,0,6.62,clear sky
140,Tura,IN,25.5198,90.2201,70.25,96,97,6.73,overcast clouds
141,Mehamn,NO,71.0357,27.8492,40.91,82,48,7.27,scattered clouds
142,Cidreira,BR,-30.1811,-50.2056,65.98,85,100,11.32,moderate rain
143,Torbay,CA,47.6666,-52.7314,40.28,84,75,13.8,broken clouds
144,Madang,PG,-5.2246,145.7966,74.8,92,52,4.74,broken clouds
145,Tripoli,LY,32.8752,13.1875,70.0,50,0,10.02,clear sky
146,Sirohi,IN,24.8833,72.8667,89.29,28,0,11.27,clear sky
147,Kahului,US,20.8947,-156.47,78.96,67,20,14.0,few clouds
148,Saint George,US,37.1041,-113.5841,89.64,8,0,3.0,clear sky
149,Illela,NG,13.7292,5.2975,94.98,12,63,5.39,broken clouds
150,Adwa,ET,14.1646,38.8955,71.8,22,0,7.7,clear sky
151,Ilulissat,GL,69.2167,-51.1,25.57,60,46,4.25,scattered clouds
152,Stykkisholmur,IS,65.0757,-22.7297,43.0,67,100,11.65,overcast clouds
153,Kamenka,RU,51.3223,42.7678,50.07,86,70,7.11,broken clouds
154,Russell,US,32.3502,-85.1999,83.97,61,75,0.0,broken clouds
155,Poronaysk,RU,49.2167,143.1167,34.41,90,100,11.52,light snow
156,Severo-Kurilsk,RU,50.6789,156.125,38.12,94,100,29.01,overcast clouds
157,Kontagora,NG,10.3999,5.4695,88.5,43,40,6.44,scattered clouds
158,Saldanha,ZA,-33.0117,17.9442,55.45,80,0,16.93,clear sky
159,Honningsvag,NO,70.9821,25.9704,38.95,81,96,9.22,overcast clouds
160,Abu Dhabi,AE,24.4667,54.3667,80.96,55,0,8.05,clear sky
161,Bac Lieu,VN,9.285,105.7244,83.05,81,100,4.16,light rain
162,Makakilo City,US,21.3469,-158.0858,78.19,70,24,15.68,few clouds
163,Lompoc,US,34.6391,-120.4579,93.69,56,0,14.97,clear sky
164,Salumbar,IN,24.1333,74.05,91.63,32,1,13.49,clear sky
165,Port Blair,IN,11.6667,92.75,80.64,89,40,2.3,mist
166,Namatanai,PG,-3.6667,152.4333,77.85,80,15,3.83,few clouds
167,Hasaki,JP,35.7333,140.8333,61.2,77,100,25.84,overcast clouds
168,Waipawa,NZ,-41.4122,175.5153,54.05,94,100,4.92,overcast clouds
169,Brae,GB,60.3964,-1.353,49.86,86,70,9.26,broken clouds
170,Narsaq,GL,60.9167,-46.05,34.54,68,84,4.99,broken clouds
171,Chuy,UY,-33.6971,-53.4616,63.72,70,88,7.58,overcast clouds
172,Dwarka,IN,22.2394,68.9678,83.17,83,0,17.54,clear sky
173,Kikwit,CD,-5.041,18.8162,73.36,87,89,1.36,overcast clouds
174,North Platte,US,41.1239,-100.7654,73.11,33,0,13.8,clear sky
175,Constitucion,CL,-35.3333,-72.4167,60.96,47,95,8.46,overcast clouds
176,Yuksekova,TR,37.5736,44.2872,50.29,61,100,2.95,overcast clouds
177,Aktau,KZ,43.65,51.2,59.58,70,1,18.01,clear sky
178,San Quintin,MX,30.4833,-115.95,72.77,51,25,11.01,scattered clouds
179,Sur,OM,22.5667,59.5289,83.95,70,0,1.57,clear sky
180,Santa Maria,BR,-29.6842,-53.8069,63.7,77,75,2.3,moderate rain
181,Maun,BW,-19.9833,23.4167,64.36,52,0,3.44,clear sky
182,Te Anau,NZ,-45.4167,167.7167,46.9,94,100,2.48,overcast clouds
183,Canoinhas,BR,-26.1772,-50.39,69.13,63,100,1.63,overcast clouds
184,Kalmunai,LK,7.4167,81.8167,79.61,83,100,9.93,overcast clouds
185,Betare Oya,CM,5.6,14.0833,73.11,78,56,2.39,broken clouds
186,Flin Flon,CA,54.7682,-101.865,37.24,87,100,12.66,light intensity drizzle
187,Shagonar,RU,51.5333,92.8,53.89,34,0,0.85,clear sky
188,Hirara,JP,24.8,125.2833,78.58,85,100,16.84,light rain
189,Palmas,BR,-10.2128,-48.3603,87.67,62,20,3.44,few clouds
190,Veinticinco De Mayo,AR,-35.4323,-60.1727,62.98,34,100,4.0,overcast clouds
191,Hofn,IS,64.2539,-15.2082,38.5,96,100,13.78,overcast clouds
192,Dois Corregos,BR,-22.3661,-48.3803,79.9,39,10,1.72,clear sky
193,Rudnya,RU,54.947,31.0934,46.49,94,99,9.01,overcast clouds
194,Iqaluit,CA,63.7506,-68.5145,20.93,73,75,19.57,light snow
195,Piedras Negras,MX,28.7,-100.5167,92.26,48,0,8.23,clear sky
196,Bentiu,SS,9.2333,29.8333,88.75,38,66,6.2,broken clouds
197,Evensk,RU,61.95,159.2333,33.82,98,100,0.45,overcast clouds
198,Sistranda,NO,63.7256,8.834,44.56,80,100,24.65,overcast clouds
199,San Carlos De Bariloche,AR,-41.1456,-71.3082,51.55,43,0,0.0,clear sky
200,El Alto,PE,-4.2714,-81.2147,78.46,71,39,9.69,scattered clouds
201,Vanimo,PG,-2.6741,141.3028,77.13,86,88,3.83,overcast clouds
202,Guarapari,BR,-20.6667,-40.4975,74.8,73,49,6.87,scattered clouds
203,Napier,NZ,-39.4833,176.9167,55.27,94,100,4.23,light rain
204,Lazarev,RU,52.225,141.5131,31.75,98,100,32.93,snow
205,Pangody,RU,65.85,74.4859,42.19,78,64,9.95,broken clouds
206,Coahuayana,MX,18.7333,-103.6833,92.44,40,100,8.16,overcast clouds
207,Saint-Marc-Des-Carrieres,CA,46.6834,-72.0491,75.27,46,57,10.36,broken clouds
208,Mount Gambier,AU,-37.8333,140.7667,55.42,91,54,8.84,broken clouds
209,Akyab,MM,20.15,92.9,83.21,80,29,6.78,scattered clouds
210,Lugovoy,KZ,42.9472,72.7644,55.53,87,100,8.5,overcast clouds
211,Yulara,AU,-25.2406,130.9889,63.93,63,98,6.76,overcast clouds
212,Antalaha,MG,-14.9003,50.2788,73.35,74,0,10.02,clear sky
213,Nyurba,RU,63.2842,118.3319,29.34,85,77,1.25,broken clouds
214,Carutapera,BR,-1.195,-46.02,81.9,83,100,7.92,heavy intensity rain
215,Alofi,NU,-19.0595,-169.9187,73.29,73,71,8.05,broken clouds
216,Barrow,US,71.2906,-156.7887,24.82,86,100,16.11,overcast clouds
217,Kieta,PG,-6.2167,155.6333,77.02,79,100,2.48,overcast clouds
218,Huilong,CN,31.8111,121.655,61.93,60,100,1.74,overcast clouds
219,Gobabis,NA,-22.45,18.9667,62.78,21,0,7.63,clear sky
220,Astoria,US,46.1879,-123.8313,56.59,93,100,11.5,mist
221,Port Elizabeth,ZA,-33.918,25.5701,59.29,91,0,4.61,clear sky
222,Kaz,RU,52.9113,87.3105,58.06,49,98,3.47,overcast clouds
223,Khanpur,PK,28.6453,70.6567,99.63,9,0,15.32,clear sky
224,Boende,CD,-0.2167,20.8667,72.54,96,81,4.83,light rain
225,Ayan,RU,56.45,138.1667,32.58,98,100,14.25,snow
226,Port Lincoln,AU,-34.7333,135.8667,61.52,70,24,15.95,few clouds
227,Le Pradet,FR,43.1066,6.0172,68.59,81,0,3.44,clear sky
228,Adre,TD,13.4667,22.2,85.03,37,100,12.77,overcast clouds
229,La Rioja,ES,42.25,-2.5,60.58,88,97,3.98,overcast clouds
230,Mabaruma,GY,8.2,-59.7833,84.67,61,83,7.99,broken clouds
231,Vilyuysk,RU,63.7553,121.6247,22.17,93,21,2.26,few clouds
232,Berlevag,NO,70.8578,29.0864,42.6,81,24,4.61,few clouds
233,Punta Umbria,ES,37.1821,-6.9661,67.23,62,10,10.36,clear sky
234,Chernyshevskiy,RU,63.0128,112.4714,30.99,97,99,2.39,overcast clouds
235,Nikolskoye,RU,59.7035,30.7861,49.89,80,27,6.96,scattered clouds
236,Faanui,PF,-16.4833,-151.75,81.23,64,0,15.7,clear sky
237,Songjianghe,CN,42.1859,127.479,30.42,97,16,6.11,few clouds
238,Cungrea,RO,44.6667,24.3833,62.15,82,62,7.31,broken clouds
239,Businga,CD,3.3333,20.8833,70.68,98,100,2.59,overcast clouds
240,Richards Bay,ZA,-28.783,32.0377,67.75,91,94,5.91,moderate rain
241,Kaseda,JP,31.4167,130.3167,63.0,64,100,12.77,overcast clouds
242,Murmino,RU,54.6036,40.0544,45.77,91,92,6.67,overcast clouds
243,Vao,NC,-22.6667,167.4833,73.44,73,64,18.77,broken clouds
244,Alekseyevsk,RU,57.8406,108.3492,46.89,70,14,1.83,few clouds
245,Bambous Virieux,MU,-20.3428,57.7575,75.45,73,40,8.05,scattered clouds
246,Muli,MV,2.9167,73.5667,82.29,79,100,17.94,overcast clouds
247,Petropavl,KZ,54.8753,69.1628,53.37,91,91,5.44,overcast clouds
248,Iskitim,RU,54.6366,83.3045,62.74,72,100,6.13,light rain
249,Vila Velha,BR,-20.3297,-40.2925,80.55,61,20,11.5,few clouds
250,Kolondieba,ML,11.0882,-6.8926,95.34,23,42,4.05,scattered clouds
251,Unity,CA,52.4501,-109.1682,57.25,32,100,16.93,overcast clouds
252,Hami,CN,42.8,93.45,65.68,8,3,10.67,clear sky
253,Sept-Iles,CA,50.2001,-66.3821,64.92,24,20,6.91,few clouds
254,Conceicao Do Araguaia,BR,-8.2578,-49.2647,84.6,66,100,2.26,light rain
255,La Palma,US,33.8464,-118.0467,98.49,29,37,5.99,scattered clouds
256,Clyde River,CA,70.4692,-68.5914,26.83,74,20,8.05,few clouds
257,Lasa,IT,46.6166,10.7002,60.69,89,8,3.18,clear sky
258,Alice Springs,AU,-23.7,133.8833,56.75,67,48,5.75,scattered clouds
259,Manicore,BR,-5.8092,-61.3003,85.95,79,100,5.75,overcast clouds
260,Cabedelo,BR,-6.9811,-34.8339,84.87,79,31,13.31,light rain
261,Comodoro Rivadavia,AR,-45.8667,-67.5,57.06,33,0,13.8,clear sky
262,East London,ZA,-33.0153,27.9116,61.74,88,20,6.91,few clouds
263,Belinskiy,RU,52.9647,43.4165,47.93,89,23,7.56,few clouds
264,Luan,CH,46.3592,6.9759,66.83,64,100,1.01,overcast clouds
265,San Policarpo,PH,12.1791,125.5072,79.52,87,100,11.86,overcast clouds
266,Katsuura,JP,35.1333,140.3,64.42,88,100,19.91,overcast clouds
267,Bayji,IQ,34.9311,43.487,81.88,14,20,10.33,few clouds
268,Kruglolesskoye,RU,44.6589,42.8142,57.16,86,100,3.58,light rain
269,Taltal,CL,-25.4,-70.4833,65.79,66,24,7.14,few clouds
270,Kathu,TH,7.9178,98.3332,87.69,99,98,5.21,moderate rain
271,Mitu,CO,1.1983,-70.1733,79.99,89,98,0.56,overcast clouds
272,Hit,IQ,33.6416,42.8251,83.14,13,57,11.32,broken clouds
273,Sekoma,BW,-24.4,23.8833,69.35,29,40,3.56,scattered clouds
274,Salalah,OM,17.0151,54.0924,85.55,30,0,4.09,clear sky
275,Arman,RU,59.7,150.1667,37.02,98,100,8.86,light rain
276,Huarmey,PE,-10.0681,-78.1522,70.95,71,11,11.01,few clouds
277,Vardo,NO,70.3705,31.1107,39.18,87,13,4.61,few clouds
278,High Level,CA,58.5169,-117.136,50.11,81,100,5.75,light rain
279,Meulaboh,ID,4.1363,96.1285,79.77,87,87,2.04,overcast clouds
280,Ewa Beach,US,21.3156,-158.0072,79.59,70,19,18.01,few clouds
281,Teguise,ES,29.0605,-13.564,70.02,73,20,9.22,few clouds
282,Rivers,CA,50.0308,-100.2403,43.75,78,100,18.72,overcast clouds
283,Sunland Park,US,31.7965,-106.58,91.49,13,0,1.99,clear sky
284,Pattukkottai,IN,10.4333,79.3167,84.34,68,100,15.64,overcast clouds
285,Kirovskiy,RU,45.0917,133.5136,40.41,92,37,6.49,scattered clouds
286,Whyalla,AU,-33.0333,137.5833,59.34,81,0,9.08,clear sky
287,Pisco,PE,-13.7,-76.2167,66.25,82,20,11.5,haze
288,Brownwood,US,31.7093,-98.9912,96.8,37,0,3.44,clear sky
289,Gogrial,SS,8.5332,28.1004,93.54,33,95,5.5,overcast clouds
290,Sao Filipe,CV,14.8961,-24.4956,78.67,61,100,7.72,overcast clouds
291,Baiyin,CN,36.5583,104.2081,49.84,43,100,5.64,overcast clouds
292,Mecca,SA,21.4267,39.8261,90.84,28,0,2.59,clear sky
293,Chakia,IN,26.4167,85.05,87.53,59,0,11.32,clear sky
294,Kifri,IQ,34.6959,44.9661,80.67,17,22,13.78,few clouds
295,Ambon,ID,-3.6954,128.1814,77.14,94,20,3.44,few clouds
296,Asekeyevo,RU,53.5742,52.7972,49.8,85,88,7.23,overcast clouds
297,Caceres,ES,39.522,-6.3748,77.76,29,7,14.43,clear sky
298,Vestmannaeyjar,IS,63.4427,-20.2734,43.72,86,100,26.28,overcast clouds
299,Vodnyy,RU,63.5046,53.4095,50.0,73,100,3.62,overcast clouds
300,Ostersund,SE,63.1792,14.6357,39.65,87,100,18.41,overcast clouds
301,Bonthe,SL,7.5264,-12.505,78.73,86,27,8.81,light rain
302,Ulladulla,AU,-35.35,150.4667,62.76,83,96,4.05,light rain
303,Tual,ID,-5.6667,132.75,83.28,73,99,4.18,overcast clouds
304,Qasigiannguit,GL,68.8193,-51.1922,25.77,69,66,4.81,broken clouds
305,Ust-Kut,RU,56.7938,105.7672,47.28,53,95,1.59,overcast clouds
306,San Ignacio,BZ,17.1561,-89.0714,95.14,36,20,6.91,few clouds
307,Lagoa,PT,39.05,-27.9833,59.94,79,0,31.43,clear sky
308,Mandalgovi,MN,45.7625,106.2708,44.71,28,14,4.85,few clouds
309,Kavaratti,IN,10.5669,72.642,81.81,77,100,20.31,light rain
310,Rio Grande,BR,-32.035,-52.0986,69.91,81,100,14.16,overcast clouds
311,Thompson,CA,55.7435,-97.8558,41.16,100,100,12.66,mist
312,Taoudenni,ML,22.6783,-3.9836,93.22,8,25,11.5,scattered clouds
313,Najran,SA,17.4924,44.1277,84.85,16,58,2.75,broken clouds
314,Parana,AR,-31.732,-60.5238,69.57,65,46,10.67,scattered clouds
315,Lorengau,PG,-2.0226,147.2712,80.47,74,65,2.82,broken clouds
316,Lebu,CL,-37.6167,-73.65,54.59,73,38,18.92,scattered clouds
317,Rocha,UY,-34.4833,-54.3333,66.29,59,33,2.71,scattered clouds
318,Ketchikan,US,55.3422,-131.6461,45.07,87,100,8.05,light rain
319,At-Bashi,KG,41.1702,75.8106,51.57,80,100,2.57,light rain
320,Road Town,VG,18.4167,-64.6167,84.29,65,40,11.5,scattered clouds
321,Dikson,RU,73.5069,80.5464,30.16,91,100,10.94,overcast clouds
322,Dustlik,UZ,40.5247,68.0358,62.13,73,98,2.89,overcast clouds
323,Turukhansk,RU,65.8167,87.9833,47.52,72,84,6.2,broken clouds
324,Yamasaki,JP,35.0,134.55,55.35,53,100,4.54,overcast clouds
325,La Reforma,MX,25.0833,-108.05,86.25,32,100,10.69,overcast clouds
326,Klaksvik,FO,62.2266,-6.589,47.32,87,79,1.68,broken clouds
327,Astana,KZ,51.1801,71.446,57.15,58,20,11.18,few clouds
328,Kirakira,SB,-10.4544,161.9205,78.17,83,12,2.33,few clouds
329,Ciudad Bolivar,VE,8.1222,-63.5497,96.44,33,86,11.23,overcast clouds
330,Laguna,US,38.421,-121.4238,83.28,37,0,12.66,clear sky
331,Abapo,BO,-18.8333,-63.4667,69.66,64,100,3.44,overcast clouds
332,Coquimbo,CL,-29.9533,-71.3436,60.53,77,20,11.5,few clouds
333,Agirish,RU,61.9247,63.0231,44.15,91,93,9.78,overcast clouds
334,Cap Malheureux,MU,-19.9842,57.6142,72.46,74,3,4.0,clear sky
335,Codrington,AU,-38.2667,141.9667,55.94,86,81,12.3,broken clouds
336,Lazaro Cardenas,MX,17.9583,-102.2,87.57,56,46,11.01,scattered clouds
337,Djambala,CG,-2.5447,14.7533,71.37,86,9,4.29,moderate rain
338,Bantry,IE,51.6833,-9.45,55.78,74,100,4.56,overcast clouds
339,Tacuarembo,UY,-31.7333,-55.9833,65.55,69,20,8.3,few clouds
340,Camabatela,AO,-8.1881,15.375,68.7,75,91,1.77,overcast clouds
341,Villa Rica,US,33.7321,-84.9191,84.81,65,70,3.42,broken clouds
342,Aden,YE,12.7794,45.0367,89.02,52,5,6.53,clear sky
343,Galan,CO,6.6378,-73.2888,81.55,73,100,5.46,overcast clouds
344,Mareeba,AU,-17.0,145.4333,68.43,96,100,1.57,overcast clouds
345,Cabra,ES,37.4725,-4.4421,71.55,45,51,8.5,broken clouds
346,Adrar,MR,20.5022,-10.0711,95.65,9,97,11.43,overcast clouds
347,Nerchinskiy Zavod,RU,51.3088,119.61,39.13,87,100,5.84,overcast clouds
348,Muisne,EC,0.6,-80.0333,79.43,81,92,11.61,overcast clouds
349,San Cristobal,VE,7.7669,-72.225,80.78,50,49,7.58,scattered clouds
350,Ust-Maya,RU,60.4167,134.5333,32.34,98,100,7.02,light snow
351,Sao Joao Da Barra,BR,-21.6403,-41.0511,78.89,68,93,12.1,overcast clouds
352,Serov,RU,59.6033,60.5787,45.95,85,100,9.42,overcast clouds
353,Penjamo,MX,20.4333,-101.7333,93.65,15,8,1.19,clear sky
354,Cortez,US,37.3489,-108.5859,72.7,14,0,8.19,clear sky
355,Palas,ID,-5.6519,105.6801,78.53,82,75,2.3,broken clouds
356,Birjand,IR,32.8663,59.2211,57.67,41,0,9.22,clear sky
357,Chapais,CA,49.7834,-74.8492,73.18,46,100,4.47,overcast clouds
358,Somvarpet,IN,12.6,75.8667,67.77,98,100,6.33,overcast clouds
359,Port Hardy,CA,50.6996,-127.4199,50.18,76,75,12.66,broken clouds
360,Taunggyi,MM,20.7833,97.0333,65.84,87,0,4.34,clear sky
361,Nome,US,64.5011,-165.4064,35.17,74,0,4.61,clear sky
362,Palaikastron,GR,35.2,26.25,64.6,73,0,3.11,clear sky
363,Vista Hermosa,MX,19.5167,-99.2167,79.56,18,7,7.92,clear sky
364,Kuusamo,FI,65.9667,29.1833,51.84,50,0,5.75,clear sky
365,Glendive,US,47.1053,-104.7125,61.7,37,6,18.01,clear sky
366,Mogadishu,SO,2.0371,45.3438,80.87,84,94,16.46,overcast clouds
367,Kaura Namoda,NG,12.5898,6.5779,95.18,16,24,4.32,few clouds
368,Stillwater,US,36.1156,-97.0584,88.34,61,3,1.99,clear sky
369,Ribeira Grande,PT,38.5167,-28.7,63.0,72,40,19.57,scattered clouds
370,Santa Isabel,BR,-23.3156,-46.2214,76.71,60,6,3.76,clear sky
371,Gimli,CA,50.6336,-96.9907,44.62,76,100,14.97,light rain
372,Sokoto,NG,13.0609,5.239,97.21,14,17,6.76,few clouds
373,Amberley,US,39.2048,-84.428,85.66,51,100,5.01,overcast clouds
374,Yar-Sale,RU,66.8333,70.8333,36.36,100,100,10.63,light rain
375,Srednekolymsk,RU,67.45,153.6833,22.96,93,100,7.74,light snow
376,Lingao,CN,19.9103,109.6859,77.56,93,24,2.57,few clouds
377,Alta Floresta,BR,-9.8756,-56.0861,89.42,55,0,4.61,clear sky
378,Lata,PT,40.1629,-8.3327,64.81,62,5,5.61,clear sky
379,Belgaum,IN,15.8667,74.5,71.91,88,76,12.01,broken clouds
380,Lerwick,GB,60.1545,-1.1494,50.0,86,73,10.25,broken clouds
381,Macapa,BR,0.0389,-51.0664,87.78,74,40,10.36,scattered clouds
382,Zhaodong,CN,46.0833,125.9833,48.47,44,30,7.9,scattered clouds
383,Bud,US,39.447,-86.1758,86.02,45,100,9.53,overcast clouds
384,Banda Aceh,ID,5.5577,95.3222,80.78,82,92,1.72,overcast clouds
385,Grindavik,IS,63.8424,-22.4338,45.07,87,100,16.11,overcast clouds
386,Capissayan,PH,18.0509,121.8177,74.17,94,100,2.66,overcast clouds
387,Itoman,JP,26.1247,127.6694,74.17,100,75,11.5,light rain
388,Borba,BR,-4.3878,-59.5939,84.87,78,45,4.21,very heavy rain
389,Mackay,AU,-21.15,149.2,69.67,87,32,4.38,scattered clouds
390,Komsomolskiy,UZ,40.4272,71.7189,61.52,77,75,4.61,broken clouds
391,Quatre Cocos,MU,-20.2078,57.7625,75.31,74,79,13.6,broken clouds
392,Diamantina,BR,-18.2494,-43.6003,69.3,62,81,6.87,broken clouds
393,Nelson Bay,AU,-32.7167,152.15,64.0,96,94,4.81,overcast clouds
394,Caucaia,BR,-3.7361,-38.6531,84.15,73,20,17.27,few clouds
395,Pevek,RU,69.7008,170.3133,32.14,93,100,8.43,overcast clouds
396,Mendi,PG,-6.1761,143.6513,54.97,97,98,1.59,overcast clouds
397,Sampit,ID,-2.5333,112.95,75.34,91,99,1.16,overcast clouds
398,Grand Gaube,MU,-20.0064,57.6608,75.6,74,6,4.0,clear sky
399,Souillac,MU,-20.5167,57.5167,75.58,73,40,8.05,scattered clouds
400,Dzilam Gonzalez,MX,21.2833,-88.9333,87.31,44,0,11.54,clear sky
401,Mount Pleasant,US,32.7941,-79.8626,82.99,68,100,10.36,overcast clouds
402,Cockburn Town,TC,21.4612,-71.1419,79.39,84,100,20.31,overcast clouds
403,Avera,US,33.194,-82.5271,81.55,43,34,0.67,scattered clouds
404,Gourcy,BF,13.2167,-2.35,94.78,6,100,9.64,overcast clouds
405,Victor Harbor,AU,-35.5667,138.6167,58.68,86,1,12.17,clear sky
406,Khandbari,NP,27.3747,87.2039,72.43,74,69,3.65,broken clouds
407,Olafsvik,IS,64.8945,-23.7142,42.51,70,100,14.43,overcast clouds
408,Oktyabrskiy,RU,54.4815,53.471,49.55,86,100,6.87,overcast clouds
409,Talara,PE,-4.5772,-81.2719,81.36,57,0,13.8,clear sky
410,Khorixas,NA,-20.3667,14.9667,70.77,20,0,5.55,clear sky
411,Tirano,IT,46.2154,10.1679,68.43,91,31,6.08,scattered clouds
412,Solnechnyy,RU,50.7214,136.6319,37.24,83,100,11.95,overcast clouds
413,Fort Saint James,CA,54.4333,-124.25,53.02,28,52,5.06,broken clouds
414,Pachino,IT,36.7186,15.0907,66.13,66,0,11.99,clear sky
415,Gayny,RU,60.3071,54.3241,43.61,93,90,5.37,overcast clouds
416,Yumen,CN,40.2833,97.2,49.77,26,1,8.16,clear sky
417,Havelock,US,34.8791,-76.9013,79.99,81,89,5.01,overcast clouds
418,Garowe,SO,8.4054,48.4845,89.58,31,98,12.24,overcast clouds
419,Kismayo,SO,-0.3582,42.5454,80.35,81,81,12.73,broken clouds
420,Tafalla,ES,42.5269,-1.6745,68.34,74,100,5.3,overcast clouds
421,Zhuhai,CN,22.2769,113.5678,74.98,94,40,18.41,light intensity shower rain
422,Kushiro,JP,42.975,144.3747,45.73,74,100,10.49,overcast clouds
423,Mizdah,LY,31.4451,12.9801,74.75,20,0,1.86,clear sky
424,Deep River,CA,46.1001,-77.4995,84.94,37,99,6.64,overcast clouds
425,Acajutla,SV,13.5928,-89.8275,88.83,53,99,10.16,overcast clouds
426,Freeport,US,40.6576,-73.5832,76.15,77,100,5.99,overcast clouds
427,Christchurch,NZ,-43.5333,172.6333,51.91,92,75,6.91,heavy intensity drizzle
428,Karratha,AU,-20.7377,116.8463,73.9,57,0,10.22,clear sky
429,Opuwo,NA,-18.0607,13.84,67.33,31,9,4.07,clear sky
430,Louis Trichardt,ZA,-23.0439,29.9032,67.41,42,39,3.04,scattered clouds
431,Harur,IN,12.0667,78.5,79.84,80,93,4.99,moderate rain
432,Krasnoselkup,RU,65.7,82.4667,49.66,70,17,9.48,few clouds
433,Pervomayskoye,RU,43.919,46.7102,57.92,68,100,2.73,overcast clouds
434,Nurota,UZ,40.5614,65.6886,63.77,43,4,4.7,clear sky
435,Paamiut,GL,61.994,-49.6678,31.51,64,92,16.98,overcast clouds
436,Brunsbuttel,DE,53.9,9.15,55.99,72,6,5.84,clear sky
437,Gushikawa,JP,26.3544,127.8686,73.4,96,100,11.5,overcast clouds
438,Polovinnoye,RU,54.7914,65.9864,51.85,66,17,6.29,few clouds
439,Hare Bay,CA,48.8499,-54.0148,44.2,49,99,7.92,overcast clouds
440,Valparaiso,CL,-33.0393,-71.6273,67.64,77,100,5.75,overcast clouds
441,Altay,CN,47.8667,88.1167,57.34,28,53,9.35,broken clouds
442,Lamesa,US,32.7376,-101.951,94.51,11,0,7.11,clear sky
443,Shaygino,RU,57.7675,46.8618,43.36,95,95,7.43,overcast clouds
444,Colesberg,ZA,-30.72,25.0972,52.32,45,0,11.41,clear sky
445,Washington,US,47.5001,-120.5015,50.58,71,100,6.35,overcast clouds
446,Kaabong,UG,3.4836,34.1492,70.43,61,8,11.99,clear sky
447,Sakakah,SA,29.9697,40.2064,85.57,15,7,10.36,clear sky
448,Lubango,AO,-14.9172,13.4925,59.94,45,20,4.25,few clouds
449,Mazatlan,MX,23.2167,-106.4167,85.01,77,88,8.99,overcast clouds
450,Havre-Saint-Pierre,CA,50.2334,-63.5986,66.56,20,0,13.8,clear sky
451,Charters Towers,AU,-20.1,146.2667,64.53,68,0,6.87,clear sky
452,Taitung,TW,22.7583,121.1444,76.41,88,94,2.13,overcast clouds
453,Goalpara,IN,26.1667,90.6167,75.31,94,83,2.75,broken clouds
454,Monrovia,LR,6.3005,-10.7969,82.4,78,100,7.52,light rain
455,Kaeo,NZ,-35.1,173.7833,52.32,94,92,5.93,overcast clouds
456,Sri Aman,MY,1.2376,111.4621,77.09,94,100,0.0,overcast clouds
457,Margate,GB,51.3813,1.3862,57.69,87,100,1.99,overcast clouds
458,Khandyga,RU,62.6667,135.6,34.65,97,98,3.27,overcast clouds
459,Nizwa,OM,22.9333,57.5333,83.05,25,0,2.57,clear sky
460,Luohe,CN,33.5717,114.0353,54.86,67,100,7.14,overcast clouds
461,Biloela,AU,-24.4167,150.5,64.81,93,0,2.26,clear sky
462,Puma,TZ,-5.0,34.7333,65.84,65,63,10.69,broken clouds
463,Nouakchott,MR,18.0858,-15.9785,94.93,40,100,9.01,overcast clouds
464,Willmar,US,45.1219,-95.0433,66.38,49,0,19.57,clear sky
465,Rudnichnyy,RU,59.617,52.4703,46.11,85,100,5.99,overcast clouds
466,Malinovoye Ozero,RU,51.6753,79.7825,63.01,65,100,5.64,overcast clouds
467,Horta,PT,38.5333,-28.6333,62.24,72,40,19.57,scattered clouds
468,Saravan,AM,39.7196,45.6483,50.65,51,92,3.36,overcast clouds
469,Pizarro,CO,4.9533,-77.366,82.29,79,100,6.78,light rain
470,Egvekinot,RU,66.3167,-179.1667,26.69,99,100,7.9,light snow
471,Isangel,VU,-19.55,169.2667,71.71,78,100,4.61,overcast clouds
472,Suba,PH,10.8438,121.0102,83.17,78,100,7.0,overcast clouds
473,Soyo,AO,-6.1349,12.3689,77.97,86,0,7.29,clear sky
474,Ouargaye,BF,11.5033,0.0572,93.87,36,100,1.97,light rain
475,Celestun,MX,20.8667,-90.4,83.88,61,0,14.29,clear sky
476,Curuguaty,PY,-24.4694,-55.6945,63.05,100,100,5.3,overcast clouds
477,Lishan,CN,31.8576,113.2951,54.54,77,100,5.73,overcast clouds
478,Sioux Lookout,CA,50.1001,-91.917,53.67,87,100,5.75,overcast clouds
479,Ambulu,ID,-8.345,113.6058,76.21,89,15,2.95,few clouds
480,Thunder Bay,CA,48.4001,-89.3168,73.31,35,20,12.66,few clouds
481,Asau,RO,46.4333,26.4,60.28,83,78,3.85,broken clouds
482,Baykit,RU,61.67,96.37,49.57,69,0,2.37,clear sky
483,Aklavik,CA,68.2191,-135.0107,24.8,74,100,11.5,overcast clouds
484,Tarko-Sale,RU,64.9225,77.785,55.76,64,21,13.96,few clouds
485,Rundu,NA,-17.9333,19.7667,64.87,32,5,5.44,clear sky
486,Taksimo,RU,56.3444,114.8794,38.08,92,21,3.71,few clouds
487,Baoqing,CN,46.3317,132.2111,44.55,66,100,9.1,overcast clouds
488,General Roca,AR,-39.0333,-67.5833,62.01,23,0,4.29,clear sky
489,Mount Isa,AU,-20.7333,139.5,53.37,82,10,0.0,clear sky
490,Pacific Grove,US,36.6177,-121.9166,77.34,78,20,10.0,few clouds
491,Maltahohe,NA,-24.8333,16.9833,62.35,19,0,9.13,clear sky
492,Krivosheino,RU,57.3431,83.9261,58.78,48,25,4.88,scattered clouds
493,Fayaoue,NC,-20.65,166.5333,75.97,73,25,10.58,scattered clouds
494,Grass Valley,US,39.2191,-121.0611,80.02,39,0,3.0,clear sky
495,Ossora,RU,59.2353,163.0719,34.29,100,100,0.69,overcast clouds
496,Rock Springs,US,41.5875,-109.2029,69.04,31,42,10.0,scattered clouds
497,Singarayakonda,IN,15.25,80.0333,85.44,81,100,7.58,overcast clouds
498,Medina Del Campo,ES,41.3124,-4.9141,67.6,62,21,5.19,light rain
499,Almeirim,BR,-1.5233,-52.5817,82.09,87,68,4.41,broken clouds
500,Hinundayan,PH,10.3523,125.2506,79.48,84,100,5.77,overcast clouds
501,Ust-Nera,RU,64.5667,143.2,27.45,95,100,2.8,light snow
502,Zenzeli,RU,45.9241,47.0474,65.08,52,100,11.61,light rain
503,Kurikka,FI,62.6167,22.4167,44.74,87,31,4.36,scattered clouds
504,Rehoboth,NA,-23.3167,17.0833,62.78,24,0,2.35,clear sky
505,Bathsheba,BB,13.2167,-59.5167,86.61,66,40,23.02,scattered clouds
506,Ormara,PK,25.2088,64.6357,82.15,88,0,10.25,clear sky
507,Douglas,US,41.3,-96.167,86.52,45,40,8.05,scattered clouds
508,Arraial Do Cabo,BR,-22.9661,-42.0278,78.76,65,20,11.5,few clouds
509,Tignere,CM,7.3667,12.65,66.33,76,50,3.13,scattered clouds
510,Barra Mansa,BR,-22.5442,-44.1714,73.67,75,1,6.11,clear sky
511,Graaff-Reinet,ZA,-32.2522,24.5308,53.92,67,0,1.66,clear sky
512,Safaga,EG,26.7292,33.9365,86.22,38,0,10.45,clear sky
513,Zhigansk,RU,66.7697,123.3711,19.06,84,11,9.51,few clouds
514,Goodyear,US,33.4353,-112.3582,100.17,7,20,5.75,few clouds
515,Vicar,ES,36.8316,-2.6427,75.22,35,99,3.36,overcast clouds
516,Borzya,RU,50.3833,116.5167,46.49,44,94,5.95,overcast clouds
517,Paracuru,BR,-3.41,-39.0306,83.1,78,67,13.15,broken clouds
518,Bilma,NE,18.6853,12.9164,86.14,14,0,10.45,clear sky
519,Hereford,GB,52.0568,-2.7148,67.6,67,6,2.84,clear sky
520,Yerbogachen,RU,61.2767,108.0108,46.69,64,9,3.11,clear sky
521,Buala,SB,-8.145,159.5921,79.25,81,50,0.51,scattered clouds
522,Okato,NZ,-39.2,173.8833,64.18,97,99,7.0,moderate rain
523,Teya,RU,60.3778,92.6267,48.38,92,100,3.36,overcast clouds
524,Aykhal,RU,66.0,111.5,33.22,95,100,4.85,overcast clouds
525,Mweka,CD,-4.85,21.5667,75.43,65,24,0.96,few clouds
526,Samfya,ZM,-11.3649,29.5565,63.7,57,0,5.26,clear sky
527,Tawau,MY,4.2498,117.8871,79.29,87,100,2.15,overcast clouds
528,Mountain Home,US,43.133,-115.6912,62.08,45,75,9.22,broken clouds
529,Jiazi,CN,22.8779,116.067,69.57,90,100,18.72,overcast clouds
530,Poum,NC,-20.2333,164.0167,76.5,78,100,16.75,overcast clouds
531,Maslovare,BA,44.5656,17.5336,62.64,80,98,3.06,overcast clouds
532,Sao Paulo De Olivenca,BR,-3.3783,-68.8725,83.37,83,96,0.96,overcast clouds
533,Reconquista,AR,-29.15,-59.65,70.9,48,28,8.99,scattered clouds
534,Podborany,CZ,50.2294,13.4119,63.99,76,0,4.41,clear sky
535,Kutum,SD,14.2,24.6667,80.82,38,91,13.29,overcast clouds
536,Matamoros,MX,25.5333,-103.25,94.24,17,44,7.02,scattered clouds
537,Padang,ID,-0.9492,100.3543,79.03,85,11,3.56,few clouds
538,Arlit,NE,18.7369,7.3853,92.01,11,3,20.87,clear sky
539,Tchaourou,BJ,8.8865,2.5975,83.52,64,66,5.64,broken clouds
540,Harper,LR,4.375,-7.7169,76.08,87,100,7.43,overcast clouds
541,Petropavlovsk-Kamchatskiy,RU,53.0452,158.6483,37.99,100,75,6.71,light rain
542,Riyadh,SA,24.6877,46.7219,84.34,8,0,13.11,clear sky
543,Dakoro,NE,14.5106,6.765,92.55,10,97,11.03,overcast clouds
544,Fairbanks,US,64.8378,-147.7164,44.6,79,75,0.0,broken clouds
545,Beloha,MG,-25.1667,45.05,67.17,87,0,8.93,clear sky
546,Shelton,US,41.3165,-73.0932,82.17,76,75,13.8,broken clouds
547,Yaroslavl,RU,57.6299,39.8737,48.0,81,0,11.18,clear sky
548,Matagami,CA,49.7502,-77.6328,83.59,33,100,8.37,overcast clouds
549,Daru,PG,-9.0763,143.2092,77.95,79,95,6.35,overcast clouds
550,Half Moon Bay,US,37.4636,-122.4286,81.54,61,20,8.05,few clouds
551,Pochutla,MX,15.7432,-96.4661,91.81,52,87,8.43,overcast clouds
552,Haines Junction,CA,60.7522,-137.5108,44.55,45,100,8.05,overcast clouds
553,Pitimbu,BR,-7.4706,-34.8086,81.66,76,20,12.68,few clouds
554,Hay River,CA,60.8156,-115.7999,49.96,61,75,12.66,broken clouds
555,Broadstairs,GB,51.3591,1.4394,56.59,70,100,3.0,overcast clouds
556,Jackson,US,42.4165,-122.8345,63.55,85,100,0.94,overcast clouds
557,Chanika,TZ,-5.4167,38.0167,65.17,98,81,3.04,broken clouds
558,Kuli,RU,42.0185,47.2434,45.21,47,100,10.22,overcast clouds
559,Port Victoria,KE,0.0939,33.9756,73.81,73,35,8.7,scattered clouds
560,Thai Binh,VN,20.45,106.3333,76.66,95,96,3.91,overcast clouds
561,Broken Hill,AU,-31.95,141.4333,60.98,65,100,8.1,overcast clouds
562,Batamshinskiy,KZ,50.5594,58.2747,53.26,68,85,8.41,overcast clouds
563,Zheleznodorozhnyy,RU,55.7503,38.0042,53.15,69,26,7.94,scattered clouds
564,Yanam,IN,16.7333,82.2167,82.8,87,9,3.89,clear sky
565,Leningradskiy,RU,69.3833,178.4167,34.2,89,100,4.18,overcast clouds
566,Belmonte,BR,-15.8631,-38.8828,76.42,85,98,11.34,moderate rain
567,Kedrovyy,RU,56.1667,91.8167,48.61,42,99,4.45,overcast clouds
568,Andreapol,RU,56.6513,32.2664,43.16,90,80,5.44,broken clouds
569,Ahipara,NZ,-35.1667,173.1667,61.52,84,59,9.33,light rain
570,La Ronge,CA,55.1001,-105.2842,35.85,93,100,13.8,mist
571,Kosh-Agach,RU,50.0,88.6667,48.81,39,6,2.51,clear sky
572,Gladstone,AU,-23.85,151.25,67.93,94,100,0.0,overcast clouds
573,Guozhen,CN,34.3659,107.359,52.36,54,100,2.62,overcast clouds
574,San Lawrenz,MT,36.0553,14.204,67.41,72,0,9.89,clear sky
575,Luebo,CD,-5.35,21.4167,77.05,62,47,0.83,scattered clouds
576,Biak,ID,-0.9131,122.8766,76.01,85,98,2.1,overcast clouds
577,Mount Darwin,ZW,-16.7725,31.5838,62.47,55,0,3.85,clear sky
578,Maningrida,AU,-12.0667,134.2667,74.16,78,75,4.47,broken clouds
579,Bandarbeyla,SO,9.4942,50.8122,82.56,82,3,18.59,clear sky
580,Sao Felix Do Xingu,BR,-6.6447,-51.995,87.42,59,51,4.85,moderate rain
581,Rio Gallegos,AR,-51.6226,-69.2181,49.33,65,69,19.01,broken clouds
582,Beckley,US,37.7782,-81.1882,78.69,70,29,1.01,scattered clouds
583,Khovu-Aksy,RU,51.1333,93.6,49.55,30,0,4.88,clear sky
584,Koungou,YT,-12.7336,45.2042,80.31,83,100,6.91,overcast clouds
585,Porto Walter,BR,-8.2686,-72.7439,90.54,51,100,1.39,overcast clouds
586,Ca Mau,VN,9.1769,105.15,80.8,85,97,2.91,overcast clouds
587,Zyryanka,RU,65.75,150.85,23.2,92,82,6.64,broken clouds
588,Muros,ES,42.7762,-9.0603,65.3,75,68,4.99,broken clouds
589,Maputo,MZ,-25.9653,32.5892,74.88,85,20,5.75,few clouds
590,Paita,PE,-5.0892,-81.1144,73.83,71,71,12.12,broken clouds
591,Never,FR,46.9896,3.159,71.35,64,100,8.12,overcast clouds
592,Balkhash,KZ,46.844,74.9804,61.43,69,100,7.65,overcast clouds
593,Mulege,MX,26.8833,-111.9833,89.53,17,100,9.66,overcast clouds
594,Tilichiki,RU,60.4667,166.1,33.13,99,100,2.89,overcast clouds
595,Clavier,BE,50.4005,5.3524,64.96,79,28,4.23,scattered clouds
596,Kalavad,IN,22.2167,70.3833,84.78,66,0,14.38,clear sky
597,Borogontsy,RU,62.6683,131.1683,24.71,98,62,3.8,broken clouds
598,Inverell,AU,-29.7833,151.1167,61.66,97,11,1.99,few clouds
599,Juliaca,PE,-15.5,-70.1333,57.65,34,99,6.04,overcast clouds
600,Ares,BR,-6.1944,-35.1603,84.29,83,33,10.89,scattered clouds
601,Piran,SI,45.5278,13.5706,71.71,68,0,2.3,clear sky
602,Arkhangelsk,RU,64.5401,40.5433,55.51,66,40,6.71,scattered clouds
603,Presidencia Roque Saenz Pena,AR,-26.7852,-60.4388,67.87,70,69,5.41,broken clouds
604,Leh,IN,34.1667,77.5833,50.29,25,0,5.21,clear sky
605,Olmos,PE,-5.9847,-79.7453,87.28,45,21,6.22,few clouds
606,Tias,ES,28.9611,-13.645,71.28,73,20,9.22,few clouds
607,Anadyr,RU,64.75,177.4833,35.01,93,100,8.01,overcast clouds
608,Onega,RU,63.9061,38.1404,42.37,93,100,5.32,overcast clouds
609,Chifeng,CN,42.2683,118.9636,46.38,50,0,7.14,clear sky
610,Igarka,RU,67.4667,86.5833,35.04,100,100,5.82,overcast clouds
611,Ushtobe,KZ,45.2514,77.9838,62.89,70,99,7.49,overcast clouds
612,Grand Forks,US,47.9417,-97.4337,56.79,47,99,21.45,overcast clouds
613,Sungaipenuh,ID,-2.0833,101.3833,67.39,97,33,2.13,scattered clouds
614,Oistins,BB,13.0667,-59.5333,81.18,69,94,17.69,overcast clouds
615,Eenhana,NA,-17.4667,16.3333,68.02,30,1,7.0,clear sky
616,Angoche,MZ,-16.2325,39.9086,73.69,71,0,6.33,clear sky
617,Ocampo,MX,21.65,-101.5,81.68,13,13,5.99,few clouds
618,Ayagoz,KZ,47.9714,80.4392,59.54,65,100,8.48,overcast clouds
619,Pandan,PH,14.0453,124.1694,80.73,83,100,9.57,moderate rain
620,Gamba,GA,-2.65,10.0,78.1,92,97,5.5,overcast clouds
621,Edd,ER,13.9297,41.6925,86.61,69,0,5.79,clear sky
622,Tromso,NO,69.6496,18.957,42.82,87,75,3.44,light intensity shower rain
623,Saint-Francois,FR,46.4154,3.9054,71.04,53,0,3.44,clear sky
624,Pirapemas,BR,-3.7267,-44.2233,80.82,90,100,4.12,overcast clouds
625,Key West,US,24.5557,-81.7826,82.99,71,0,5.61,clear sky
626,Yuzhnyy,RU,53.2542,83.6936,70.18,24,0,6.71,clear sky
627,Sukhumi,GE,43.0033,41.0153,59.79,82,9,3.13,clear sky
628,Racale,IT,39.9631,18.0938,69.35,73,13,3.0,few clouds
629,Dillon,US,34.4166,-79.3712,84.25,46,52,4.81,broken clouds
630,Tecoanapa,MX,16.5167,-98.75,88.74,57,38,11.86,scattered clouds
631,Cuamba,MZ,-14.8031,36.5372,64.8,59,11,3.09,few clouds
632,Juneau,US,58.3019,-134.4197,48.85,74,82,3.78,broken clouds
633,Cao Bang,VN,22.6667,106.25,71.37,99,100,2.21,overcast clouds
634,Bakchar,RU,57.0186,82.0711,57.69,47,29,5.03,scattered clouds
635,Naze,JP,28.3667,129.4833,65.32,84,100,10.8,overcast clouds
636,Katangli,RU,51.7102,143.2326,31.14,99,100,4.03,light snow
637,Karonga,MW,-9.9333,33.9333,70.39,82,7,3.78,clear sky
638,Inhambane,MZ,-23.865,35.3833,64.38,94,20,3.44,few clouds
639,Shalya,RU,57.2471,58.7298,43.23,91,17,6.31,few clouds
640,Ulaanbaatar,MN,47.9077,106.8832,26.73,63,0,4.47,clear sky
641,Pemberton,CA,50.3164,-122.8027,51.84,82,96,3.31,overcast clouds
642,Mildura,AU,-34.2,142.15,57.07,92,0,4.79,clear sky
643,Pundaguitan,PH,6.3711,126.1689,81.43,77,100,4.29,moderate rain
644,Ankang,CN,32.68,109.0172,49.32,94,100,0.74,overcast clouds
645,Scottsboro,US,34.6723,-86.0341,84.31,51,40,5.75,scattered clouds
646,Port Macquarie,AU,-31.4333,152.9167,64.89,93,80,6.96,broken clouds
647,Taywarah,AF,33.35,64.4167,52.97,41,0,2.44,clear sky
648,College,US,64.8569,-147.8028,44.58,77,75,1.01,broken clouds
649,Tshikapa,CD,-6.4167,20.8,81.39,52,100,0.96,overcast clouds
650,Oga,IT,46.4631,10.347,55.94,95,38,3.74,scattered clouds
651,Vostok,RU,46.4856,135.8833,37.17,79,99,6.73,overcast clouds
652,Manzanillo,CU,20.3433,-77.1167,88.97,48,49,3.98,scattered clouds
653,Xichang,CN,27.8964,102.2634,54.91,91,100,3.94,moderate rain
654,Ninh Binh,VN,20.2539,105.975,75.54,96,81,2.06,broken clouds
655,Villarrica,PY,-25.75,-56.4333,63.61,100,100,3.53,moderate rain
656,Mazagao,BR,-0.115,-51.2894,83.19,80,100,6.02,moderate rain
657,Aguimes,ES,27.9054,-15.4461,70.43,73,20,20.71,few clouds
658,Atar,MR,20.5169,-13.0499,102.16,9,100,8.34,overcast clouds
659,Bojnurd,IR,37.4747,57.329,56.39,55,0,4.94,clear sky
660,North Bend,US,43.4065,-124.2243,58.15,97,100,10.36,mist
661,Wyndham,US,37.6985,-77.6125,74.59,89,100,1.99,overcast clouds
662,Ambilobe,MG,-13.2,49.05,70.03,80,0,3.78,clear sky
663,Nishihara,JP,26.1842,127.7558,73.45,100,75,11.5,broken clouds
664,Leshan,CN,29.5623,103.7639,57.07,95,100,3.09,overcast clouds
665,Markova,UA,48.6758,24.4138,49.82,88,23,5.39,few clouds
666,San Fernando,PH,15.0286,120.6898,83.93,80,88,1.81,overcast clouds
667,Jishou,CN,28.3167,109.7167,54.09,98,100,2.71,moderate rain
668,Sarwar,IN,26.0667,75.0,95.83,16,5,10.2,clear sky
669,Nioro,GM,13.35,-15.75,104.36,12,4,7.9,clear sky
670,Mopipi,BW,-21.1833,24.8833,69.75,31,1,2.55,clear sky
671,Coihaique,CL,-45.5752,-72.0662,51.75,54,0,4.61,clear sky
672,Shumskiy,RU,54.8318,99.1328,52.56,41,35,3.8,scattered clouds
673,Rafai,CF,4.95,23.9167,70.77,92,91,2.3,light rain
674,Chihuahua,MX,28.5,-106.0,87.15,9,5,8.14,clear sky
675,Tezu,IN,27.9167,96.1667,71.83,98,100,2.37,overcast clouds
676,Kharp,RU,66.8014,65.8081,41.99,97,100,10.94,overcast clouds
677,Lewisporte,CA,49.2499,-55.0482,44.58,59,99,6.82,overcast clouds
678,Samarai,PG,-10.6167,150.6667,80.98,80,5,9.95,clear sky
679,Tamiahua,MX,21.2667,-97.45,86.34,55,52,9.62,broken clouds
680,Akranes,IS,64.3218,-22.0749,45.16,69,100,7.99,light rain
681,Gallup,US,35.5281,-108.7426,79.56,6,0,1.01,clear sky
682,Timiryazevskiy,RU,56.49,84.8769,61.09,54,80,3.38,broken clouds
683,Tanete,ID,-3.9443,119.7848,74.68,96,97,1.9,overcast clouds
684,Bonavista,CA,48.6499,-53.1147,34.84,76,100,9.31,overcast clouds
685,Gornopravdinsk,RU,60.05,69.9,51.58,92,100,3.56,overcast clouds
686,Japura,ID,-0.3167,102.35,75.94,96,3,1.63,clear sky
687,Wajima,JP,37.4,136.9,56.32,76,100,6.38,overcast clouds
